{"nodes":{"node:10":{"location":{"x":644,"y":-222}},"node:12":{"location":{"x":644,"y":-158}},"node:87":{"location":{"x":983,"y":-213}},"node:93":{"location":{"x":1809,"y":-199}}},"selection":null,"view":{"scroll":{"x":115.173355102539062,"y":-517.48052978515625},"visible_rect":{"max":{"x":2990.28271484375,"y":989.82501220703125},"min":{"x":128.739654541015625,"y":-578.4346923828125}},"zoom":0.894622206687927246}}